[{"__type__":"cc.SpriteFrame","content":{"name":"mapCellHold_6","texture":"01t3Q2SrJLApcQgJgwav9u","rect":[0,1572,172,196],"offset":[0,0],"originalSize":[172,196],"capInsets":[0,0,0,0]}},{"__type__":"cc.SpriteFrame","content":{"name":"mapCell_-1","texture":"0bL04y6TZGfYlZbGTnZ+KB","rect":[0,0,172,196],"offset":[0,0],"originalSize":[172,196],"capInsets":[0,0,0,0]}},{"__type__":"cc.SpriteFrame","content":{"name":"mapCellHold_2","texture":"01t3Q2SrJLApcQgJgwav9u","rect":[0,590,172,198],"offset":[0,0],"originalSize":[172,198],"capInsets":[0,0,0,0]}},{"__type__":"cc.SpriteFrame","content":{"name":"userColor_2","texture":"b21waTQ0xDO4f09Rn3NdO6","rect":[168,0,168,72],"offset":[0,0],"originalSize":[168,72],"capInsets":[0,0,0,0]}},{"__type__":"cc.SpriteAtlas","_name":"userColorList.plist","_spriteFrames":{"userColor_1":{"__uuid__":"21rX+scfxFoJnfLFABY1Fo"},"userColor_2":{"__uuid__":"1dej+HByZJvq96vau6R+cM"},"userColor_3":{"__uuid__":"2cw59hHr5KzoKidWU8qbeE"},"userColor_4":{"__uuid__":"9c08TwaJpN/YiIi3OYfs1n"}}},{"__type__":"cc.SpriteFrame","content":{"name":"userColor_1","texture":"b21waTQ0xDO4f09Rn3NdO6","rect":[0,0,168,72],"offset":[0,0],"originalSize":[168,72],"capInsets":[0,0,0,0]}},[{"__type__":"cc.Prefab","_name":"chessUnit","data":{"__id__":1}},{"__type__":"cc.Node","_name":"chessUnit","_children":[{"__id__":2},{"__id__":3},{"__id__":8}],"_components":[{"__type__":"cc.Sprite","_name":"chessUnit<Sprite>","node":{"__id__":1},"_materials":[{"__uuid__":"ecpdLyjvZBwrvm+cedCcQy"}],"_sizeMode":0},{"__type__":"b5358ADeuJISpQDIbbQ5sbA","node":{"__id__":1},"houseLevel":{"__id__":9},"moneyNum":{"__id__":7},"mapAtlas":{"__uuid__":"84yGKcMCJLTYSeeUxjM3Ms"},"mapHoldAtlas":{"__uuid__":"9cww18nXxI67ZpbCIUYD6x"},"userColorAtlas":{"__uuid__":"1eraHfbQ1GeJg7YfT1IH1y"}},{"__type__":"cc.Button","node":{"__id__":1},"clickEvents":[{"__type__":"cc.ClickEvent","target":{"__id__":1},"_componentId":"b5358ADeuJISpQDIbbQ5sbA","handler":"chessUnitClick"}]}],"_prefab":{"__type__":"cc.PrefabInfo","root":{"__id__":1},"asset":{"__uuid__":"22zxFitbJG+4klv/vg7MF4"},"fileId":"e26TY10/xOlI8IyTcQ5LcP"},"_contentSize":{"__type__":"cc.Size","width":86,"height":98},"_trs":{"__type__":"TypedArray","ctor":"Float64Array","array":[0,0,0,0,0,0,1,1,1,1]}},{"__type__":"cc.Node","_name":"chessBg","_parent":{"__id__":1},"_components":[{"__type__":"cc.Sprite","node":{"__id__":2},"_materials":[{"__uuid__":"ecpdLyjvZBwrvm+cedCcQy"}],"_sizeMode":0}],"_prefab":{"__type__":"cc.PrefabInfo","root":{"__id__":1},"asset":{"__uuid__":"22zxFitbJG+4klv/vg7MF4"},"fileId":"6cXbeHOBpL44L8qdVEvpTT"},"_contentSize":{"__type__":"cc.Size","width":86,"height":98},"_trs":{"__type__":"TypedArray","ctor":"Float64Array","array":[0,0,0,0,0,0,1,1,1,1]}},{"__type__":"cc.Node","_name":"userBg","_parent":{"__id__":1},"_children":[{"__id__":4}],"_components":[{"__type__":"cc.Sprite","node":{"__id__":3},"_materials":[{"__uuid__":"ecpdLyjvZBwrvm+cedCcQy"}],"_sizeMode":0}],"_prefab":{"__type__":"cc.PrefabInfo","root":{"__id__":1},"asset":{"__uuid__":"22zxFitbJG+4klv/vg7MF4"},"fileId":"c4MAoMt35N7qm92/ZVNFFi"},"_contentSize":{"__type__":"cc.Size","width":83,"height":36},"_trs":{"__type__":"TypedArray","ctor":"Float64Array","array":[0,31,0,0,0,0,1,1,1,1]}},{"__type__":"cc.Node","_name":"layout","_parent":{"__id__":3},"_children":[{"__id__":5},{"__id__":6}],"_components":[{"__type__":"cc.Sprite","node":{"__id__":4},"_materials":[{"__uuid__":"ecpdLyjvZBwrvm+cedCcQy"}],"_type":1,"_sizeMode":0},{"__type__":"cc.Layout","node":{"__id__":4},"_layoutSize":{"__type__":"cc.Size","width":24,"height":36},"_resize":1,"_N$layoutType":1,"_N$spacingX":8}],"_prefab":{"__type__":"cc.PrefabInfo","root":{"__id__":1},"asset":{"__uuid__":"22zxFitbJG+4klv/vg7MF4"},"fileId":"abD2I4rj9Pdo3TTLjYwmMr"},"_contentSize":{"__type__":"cc.Size","width":24,"height":36},"_trs":{"__type__":"TypedArray","ctor":"Float64Array","array":[0,0,0,0,0,0,1,1,1,1]}},{"__type__":"cc.Node","_name":"moneyIcon","_parent":{"__id__":4},"_components":[{"__type__":"cc.Sprite","node":{"__id__":5},"_materials":[{"__uuid__":"ecpdLyjvZBwrvm+cedCcQy"}],"_spriteFrame":{"__uuid__":"53WekRDkZE0IdkWAk06Xxp"},"_sizeMode":0}],"_prefab":{"__type__":"cc.PrefabInfo","root":{"__id__":1},"asset":{"__uuid__":"22zxFitbJG+4klv/vg7MF4"},"fileId":"feC8DU6wlE4Y9W58VwxGzb"},"_contentSize":{"__type__":"cc.Size","width":16,"height":16},"_trs":{"__type__":"TypedArray","ctor":"Float64Array","array":[-4,0,0,0,0,0,1,1,1,1]}},{"__type__":"cc.Node","_name":"moneyNum","_parent":{"__id__":4},"_components":[{"__id__":7}],"_prefab":{"__type__":"cc.PrefabInfo","root":{"__id__":1},"asset":{"__uuid__":"22zxFitbJG+4klv/vg7MF4"},"fileId":"dbZMiQKwBNLa9jM9h6UveT"},"_color":{"__type__":"cc.Color","r":148,"g":82,"b":59},"_contentSize":{"__type__":"cc.Size","height":42.84},"_trs":{"__type__":"TypedArray","ctor":"Float64Array","array":[12,0,0,0,0,0,1,1,1,1]}},{"__type__":"cc.Label","node":{"__id__":6},"_materials":[{"__uuid__":"ecpdLyjvZBwrvm+cedCcQy"}],"_useOriginalSize":false,"_fontSize":24,"_lineHeight":34,"_N$horizontalAlign":1,"_N$verticalAlign":1},{"__type__":"cc.Node","_name":"houseLevel","_parent":{"__id__":1},"_components":[{"__id__":9}],"_prefab":{"__type__":"cc.PrefabInfo","root":{"__id__":1},"asset":{"__uuid__":"22zxFitbJG+4klv/vg7MF4"},"fileId":"ddD9MZNl5IUrt5aSjmWFHn"},"_color":{"__type__":"cc.Color","r":195,"g":147,"b":37},"_contentSize":{"__type__":"cc.Size","height":35.28},"_trs":{"__type__":"TypedArray","ctor":"Float64Array","array":[0,-15,0,0,0,0,1,1,1,1]}},{"__type__":"cc.Label","node":{"__id__":8},"_materials":[{"__uuid__":"ecpdLyjvZBwrvm+cedCcQy"}],"_useOriginalSize":false,"_fontSize":20,"_lineHeight":28,"_N$horizontalAlign":1,"_N$verticalAlign":1}],{"__type__":"cc.SpriteFrame","content":{"name":"userColor_3","texture":"b21waTQ0xDO4f09Rn3NdO6","rect":[336,0,168,72],"offset":[0,0],"originalSize":[168,72],"capInsets":[0,0,0,0]}},{"__type__":"cc.SpriteFrame","content":{"name":"mapCellHold_0","texture":"01t3Q2SrJLApcQgJgwav9u","rect":[0,196,172,198],"offset":[0,0],"originalSize":[172,198],"capInsets":[0,0,0,0]}},{"__type__":"cc.SpriteFrame","content":{"name":"mapCell_4_2","texture":"0bL04y6TZGfYlZbGTnZ+KB","rect":[1032,0,172,196],"offset":[0,0],"originalSize":[172,196],"capInsets":[0,0,0,0]}},{"__type__":"cc.SpriteFrame","content":{"name":"icon","texture":"25t8XFoMtDzoKjgcJDtIEm","rect":[1,2,14,14],"offset":[0,-1],"originalSize":[16,16],"capInsets":[0,0,0,0]}},{"__type__":"cc.SpriteFrame","content":{"name":"mapCell_6","texture":"0bL04y6TZGfYlZbGTnZ+KB","rect":[1376,0,172,196],"offset":[0,0],"originalSize":[172,196],"capInsets":[0,0,0,0]}},{"__type__":"cc.SpriteFrame","content":{"name":"mapCell_4_1","texture":"0bL04y6TZGfYlZbGTnZ+KB","rect":[860,0,172,196],"offset":[0,0],"originalSize":[172,196],"capInsets":[0,0,0,0]}},{"__type__":"cc.SpriteFrame","content":{"name":"mapCell_0","texture":"0bL04y6TZGfYlZbGTnZ+KB","rect":[172,0,172,196],"offset":[0,0],"originalSize":[172,196],"capInsets":[0,0,0,0]}},{"__type__":"cc.SpriteFrame","content":{"name":"mapCellHold_4_1","texture":"01t3Q2SrJLApcQgJgwav9u","rect":[0,984,172,196],"offset":[0,0],"originalSize":[172,196],"capInsets":[0,0,0,0]}},{"__type__":"cc.SpriteFrame","content":{"name":"mapCell_3","texture":"0bL04y6TZGfYlZbGTnZ+KB","rect":[688,0,172,196],"offset":[0,0],"originalSize":[172,196],"capInsets":[0,0,0,0]}},{"__type__":"cc.SpriteFrame","content":{"name":"mapCell_1","texture":"0bL04y6TZGfYlZbGTnZ+KB","rect":[344,0,172,196],"offset":[0,0],"originalSize":[172,196],"capInsets":[0,0,0,0]}},{"__type__":"cc.SpriteAtlas","_name":"map.plist","_spriteFrames":{"mapCell_-1":{"__uuid__":"18Xs3XMGFLpLNcje4t/Mf8"},"mapCell_0":{"__uuid__":"70mEUcKPxGwIVAwhk9hmWh"},"mapCell_1":{"__uuid__":"827O7naZ1H+6+MCGS9Os8r"},"mapCell_2":{"__uuid__":"c25I79L2dMypumKiPMMW/J"},"mapCell_3":{"__uuid__":"78lGkLxu5MVbko3eb0cR7D"},"mapCell_4_1":{"__uuid__":"5au21owM9INqLIuCNhrLlT"},"mapCell_4_2":{"__uuid__":"41KwnAXDRJBq/a5olYeHUB"},"mapCell_5":{"__uuid__":"9fe4Lt/8NCL6EmZbVlj/qM"},"mapCell_6":{"__uuid__":"55ozsWiKVOpbB6KYB+nero"}}},{"__type__":"cc.SpriteFrame","content":{"name":"mapCellHold_5","texture":"01t3Q2SrJLApcQgJgwav9u","rect":[0,1376,172,196],"offset":[0,0],"originalSize":[172,196],"capInsets":[0,0,0,0]}},{"__type__":"cc.SpriteAtlas","_name":"mapCellHoldList.plist","_spriteFrames":{"mapCellHold_-1":{"__uuid__":"e0Ji4tWo5LqrBqbwj9MMq/"},"mapCellHold_0":{"__uuid__":"3dcyjss3tBeZmVEj6qG3jk"},"mapCellHold_1":{"__uuid__":"e2GgXe7mtDrJ4hnwRgm+Cp"},"mapCellHold_2":{"__uuid__":"19SwQ8ZtVOGqF+SE7+USk7"},"mapCellHold_3":{"__uuid__":"bbCSWENRxJW4WV9faF2rDe"},"mapCellHold_4_1":{"__uuid__":"74aDOR6fpM7q7nrfUeyfzS"},"mapCellHold_4_2":{"__uuid__":"af91T9RDtHDqQrr4+vwcND"},"mapCellHold_5":{"__uuid__":"90IxPQUrxGxZmLW2nD5aYU"},"mapCellHold_6":{"__uuid__":"15vlrj1YRCHoPU9d5mBtfx"}}},{"__type__":"cc.SpriteFrame","content":{"name":"userColor_4","texture":"b21waTQ0xDO4f09Rn3NdO6","rect":[504,0,168,72],"offset":[0,0],"originalSize":[168,72],"capInsets":[0,0,0,0]}},{"__type__":"cc.SpriteFrame","content":{"name":"mapCell_5","texture":"0bL04y6TZGfYlZbGTnZ+KB","rect":[1204,0,172,196],"offset":[0,0],"originalSize":[172,196],"capInsets":[0,0,0,0]}},{"__type__":"cc.SpriteFrame","content":{"name":"mapCellHold_4_2","texture":"01t3Q2SrJLApcQgJgwav9u","rect":[0,1180,172,196],"offset":[0,0],"originalSize":[172,196],"capInsets":[0,0,0,0]}},{"__type__":"cc.SpriteFrame","content":{"name":"mapCellHold_3","texture":"01t3Q2SrJLApcQgJgwav9u","rect":[0,788,172,196],"offset":[0,0],"originalSize":[172,196],"capInsets":[0,0,0,0]}},{"__type__":"cc.SpriteFrame","content":{"name":"mapCell_2","texture":"0bL04y6TZGfYlZbGTnZ+KB","rect":[516,0,172,196],"offset":[0,0],"originalSize":[172,196],"capInsets":[0,0,0,0]}},{"__type__":"cc.SpriteFrame","content":{"name":"mapCellHold_-1","texture":"01t3Q2SrJLApcQgJgwav9u","rect":[0,0,172,196],"offset":[0,0],"originalSize":[172,196],"capInsets":[0,0,0,0]}},{"__type__":"cc.SpriteFrame","content":{"name":"mapCellHold_1","texture":"01t3Q2SrJLApcQgJgwav9u","rect":[0,394,172,196],"offset":[0,0],"originalSize":[172,196],"capInsets":[0,0,0,0]}}]